{
  "task": "completion"
  , "model": "pnp_completion"
  , "gpu_ids": [0]
  , "n_channels": 1
  , "path": {
    "pretrained_model": null
    ,"pretrained_checkpoint": null
    }
  , "net": {
    "net_type": "Unet"
    , "in_nc": 6
    , "out_nc": 3
    , "nc": [64, 128, 256, 512]
    , "nb":5
    , "reduction" : 16
    , "act_mode": "R"
    , "upsample_mode": "convtranspose"
    , "downsample_mode": "strideconv"
    , "init_type": "orthogonal"
    , "init_bn_type": "uniform"
    , "init_gain": 0.2
    }

}
